{"Loss": -0.046875, "Positive Score": -0.56640625, "Negative Score": -0.51953125, "_timestamp": 1744138040.6777687, "_runtime": 176.93085169792175, "_step": 21, "_wandb": {"runtime": 169}}