{"Loss": 0.0, "Positive Score": 0.0, "Negative Score": 0.0, "_timestamp": 1744137060.464073, "_runtime": 7.1798388957977295, "_step": 0, "_wandb": {"runtime": 6}}