{"Loss": 0.0126953125, "Positive Score": 0.20703125, "Negative Score": 0.2197265625, "_timestamp": 1744140282.7169573, "_runtime": 12.919315338134766, "_step": 1, "_wandb": {"runtime": 12}}