{"Loss": 0.53125, "Positive Score": 0.287109375, "Negative Score": 0.7578125, "_timestamp": 1744198761.0975277, "_runtime": 148.27136778831482, "_step": 69}