{"Loss": 0.296875, "Positive Score": 1.671875, "Negative Score": 1.375, "_timestamp": 1744134649.26566, "_runtime": 207.12694215774536, "_step": 120}