{"Loss": 0.70703125, "Positive Score": 0.458984375, "Negative Score": 0.1650390625, "_timestamp": 1744200977.6246583, "_runtime": 1439.0045733451843, "_step": 1037}