{"Loss": 1.015625, "Positive Score": 0.5, "Negative Score": 0.51171875, "_timestamp": 1744181010.6977427, "_runtime": 252.5318787097931, "_step": 143}