{"Loss": 0.02001953125, "Positive Score": 0.01385498046875, "Negative Score": 0.033935546875, "_timestamp": 1744140361.2379284, "_runtime": 54.42751932144165, "_step": 12}