{"Loss": 1.0234375, "Positive Score": 0.490234375, "Negative Score": 0.515625, "_timestamp": 1744216542.1607306, "_runtime": 47.65890860557556, "_step": 20, "_wandb": {"runtime": 47}}