{"Loss": 0.33203125, "Positive Score": 0.66796875, "Negative Score": 0.00128936767578125, "_timestamp": 1744237120.7714207, "_runtime": 20193.940893650055, "_step": 11380, "_wandb": {"runtime": 20193}}