{"Loss": 0.9609375, "Positive Score": -0.09326171875, "Negative Score": -0.1328125, "_timestamp": 1744140674.4706028, "_runtime": 188.08096170425415, "_step": 109}