{"Loss": 0.7109375, "Positive Score": -0.11767578125, "Negative Score": -0.08349609375, "_timestamp": 1744134385.2953913, "_runtime": 449.7934522628784, "_step": 259}