{"Loss": 0.0, "Positive Score": -4.1961669921875e-05, "Negative Score": -4.1961669921875e-05, "_timestamp": 1744137241.320378, "_runtime": 111.78129696846008, "_step": 8}