{"Loss": 1.0, "Positive Score": -0.5859375, "Negative Score": -0.58203125, "_timestamp": 1744141046.107766, "_runtime": 354.58776593208313, "_step": 217}