{"Loss": 1.0078125, "Positive Score": -0.396484375, "Negative Score": -0.388671875, "_timestamp": 1744141363.5600467, "_runtime": 296.6490635871887, "_step": 168}