{"Loss": -0.01171875, "Positive Score": -0.51171875, "Negative Score": -0.5, "_timestamp": 1744138939.3716462, "_runtime": 804.390289068222, "_step": 154}