{"Loss": 0.05615234375, "Positive Score": -0.00286865234375, "Negative Score": 0.05322265625, "_timestamp": 1744140198.8164196, "_runtime": 45.959473609924316, "_step": 57}