{"Loss": 0.546875, "Positive Score": 0.703125, "Negative Score": 0.25, "_timestamp": 1744207597.6672173, "_runtime": 6594.534104347229, "_step": 3727, "_wandb": {"runtime": 6593}}