{"Loss": 0.98828125, "Positive Score": 0.392578125, "Negative Score": 0.380859375, "_timestamp": 1744180736.7446034, "_runtime": 318.6897294521332, "_step": 191}