{"Loss": 0.97265625, "Positive Score": 0.031982421875, "Negative Score": 0.005096435546875, "_timestamp": 1744140433.6896048, "_runtime": 43.37435579299927, "_step": 12, "_wandb": {"runtime": 42}}