{"Loss": 1.0, "Positive Score": 0.41015625, "Negative Score": 0.4140625, "_timestamp": 1744198345.0090768, "_runtime": 17316.703558921814, "_step": 10502, "_wandb": {"runtime": 17316}}