{"Loss": 2.0, "Positive Score": 0.0, "Negative Score": 0.0, "_timestamp": 1744137515.3869169, "_runtime": 113.82352375984192, "_step": 8, "_wandb": {"runtime": 112}}