{"Loss": 0.79296875, "Positive Score": 1.0, "Negative Score": 0.79296875, "_timestamp": 1744199167.9191227, "_runtime": 248.52693963050842, "_step": 168, "_wandb": {"runtime": 247}}