{"Loss": 0.75, "Positive Score": 0.291015625, "Negative Score": 0.54296875, "_timestamp": 1744198515.7744465, "_runtime": 59.72493243217468, "_step": 26, "_wandb": {"runtime": 58}}