{"Loss": 0.28515625, "Positive Score": 0.87890625, "Negative Score": 0.1630859375, "_timestamp": 1744216894.2645218, "_runtime": 293.53918194770813, "_step": 162}