{"Loss": -0.005859375, "Positive Score": -0.263671875, "Negative Score": -0.2578125, "_timestamp": 1744139353.9760442, "_runtime": 310.61123919487, "_step": 71}