{"Loss": 0.46875, "Positive Score": 0.61328125, "Negative Score": 0.083984375, "_timestamp": 1744198882.3599367, "_runtime": 99.37725567817688, "_step": 45, "_wandb": {"runtime": 98}}