{"Loss": 1.0234375, "Positive Score": 0.040283203125, "Negative Score": 0.06396484375, "_timestamp": 1744180392.6296804, "_runtime": 39003.338161468506, "_step": 23654, "_wandb": {"runtime": 39003}}