{"Loss": -0.0009765625, "Positive Score": -0.030517578125, "Negative Score": -0.031494140625, "_timestamp": 1744140080.219338, "_runtime": 668.9011688232422, "_step": 148}