{"Loss": 2.0, "Positive Score": 0.0, "Negative Score": 0.0, "_timestamp": 1744137795.3170195, "_runtime": 220.88666343688965, "_step": 22}