{"Loss": -0.00390625, "Positive Score": -0.76953125, "Negative Score": -0.7734375, "_timestamp": 1744140221.1814625, "_runtime": 5.585646629333496, "_step": 0, "_wandb": {"runtime": 4}}